S,ceiling,PR,summed_mi,fano,n_per_sex,condition
200,7.643856189774724,10.625451287524388,26.742566120039232,7.12186432852323,100,pooled
500,8.965784284662087,11.88395539084772,26.958677304346438,8.340227313708208,250,pooled
1000,9.965784284662087,11.863029360953025,26.668915198252552,9.121108590334392,500,pooled
