S,ceiling,PR,summed_mi,fano,n_per_sex,condition
200,6.643856189774724,12.211101407807348,23.868000721032367,6.124763174108233,100,within_sex
500,7.965784284662087,13.598029380897284,24.28949024818771,7.411421633482347,250,within_sex
1000,8.965784284662087,14.168035421362667,23.84391459946304,8.217667995539657,500,within_sex
